{" zero": 97.98657718120805, " one": 98.88888888888889, " two": 99.35483870967742, " three": 98.57142857142857, " four": 100.0, " five": 100.0, " six": 98.15950920245399, " seven": 97.10982658959537, " eight": 96.875, " nine": 96.85534591194968}