{"train_loss": [0.2521550218080248], "test_loss": [0.058875421562790874], "train_accuracy": [93.4], "test_accuracy": [98.21]}